first_name,last_name,initial_last,role_ids__001
Jérôme,Bazin,b,16530
Linda,Nochlin,n,12064
Albert,Camus,c,12064
Jay,Rowell,r,12064
Alejandro,Anreus,a,12064
Diana L.,Linden,l,12064
Jonathan,Weinberg,w,12064
Willi,Neubert,n,12064
Renato,Guttuso,g,12064
André,Fougeron,f,12064
Jean,Marcenac,m,12064
Susan E.,Reid,r,12064
Honoré de,Balzac,b,12064
James,Bond,b,12064
Jasper,Johns,j,12064
Guy,Hamilton,h,12064
Sean,Connery,c,12064
Antje,Kramer-Mallordy,k,16530
Yves,Klein,k,12064
Armand Pierre Fernandez, dit,Arman (Armand Pierre Fernandez,a
Christo,Christo (Christo Vladimiroff Javacheff,c,12064
Jean,Tinguely,t,12064
Niki de,Saint-Phalle,s,12064
Laurence,Bertrand Dorléac,b,12064
Jill,Carrick,c,12064
Charles,De Gaulle,d,12064
Leeman,Richard,r,12064
Gérald,Gassiot-Talabot,g,12064
Marcel,Duchamp,d,12064
Tita,Reut,r,12064
Martial,Raysse,r,12064
Maurice,Fréchet,f,12064
Alain,Jouffroy,j,12064
Fernand,Léger,l,12064
Maxim (eigtl. Alexei Maximowitsch Peschkow),Gorki,g,12064
Evgeny,Dobrenko,d,12064
Withold,Gombrowisch,g,12064
Marta,Dziewanska,d,16530
Alina,Szapocznikow,s,12064
Walter,Benjamin,b,12064
Agata,Jakubowska,j,12064
Pierre,Restany,r,12064
Anke,Kempkes,k,12064
Josef,Wagner,w,12064
Ryszard,Stanisławski,s,12064
Roman,Cieślewicz,c,12064
dit),César (César Baldaccini,c,12064
Jacques,Delahaye,d,12064
Anda,Rottenberg,r,12064
Georges,Didi-Huberman,d,12064
Jean-Marie,Drot,d,12064
Ariane,Raoul-Auval,r,12064
Roland,Topor,t,12064
Charles Sanders,Peirce,p,12064
Urszula,Czartoryska,c,12064
Witold,Gombrowicz,g,12064
Maria,Brewińska,b,12064
Jola,Gola,g,12064
Michael,Hakimi,h,12064
Jerzy,Giedroyc,g,12064
Witold,Gombrowicz,g,12064
Edward,Gierek,g,12064
Władysław,Gomułka,g,12064
Zofia,Kulik,k,12064
Przemysław,Kwiek,k,12064
Maryla,Sitkowska,s,12064
Łukasz,Ronduda,r,12064
Waldemar,Raniszewski,r,12064
Wiktor,Gutt,g,12064
Elżbieta,Cieślar,c,12064
Emil,Cieślar,c,12064
Roman,Woźniak,w,12064
Jerzy,Słomiński,s,12064
Krzysztof,Jung,j,12064
dit),Rembrandt (Rembrandt Harmensz Van Rijn,r,12064
Wiesława,Wierzchowska,w,12064
Josef,Stalin,s,12064
Ernst,Fischer,f,12064
Sandrine,Kott,k,12064
Simone,Barck,b,12064
Stefanie,Wahl,w,12064
Bertolt,Brecht,b,12064
Georg,Wagner-Kyora,w,12064
Ullrich,Kuhirt,k,12064
Arnulf,Rainer,r,12064
Stephen,Posen,p,12064
Georg,Baselitz,b,12064
Timothy James,Clark,c,12064
Anna,Seghers,s,12064
Johannes R.,Becher,b,12064
Werner,Neubert,n,12064
Erwin,Pracht,p,12064
Michel,Christian,c,12064
Otto,Dix,d,12064
Jean-Etienne,Liotard,l,12064
Raymond,Hains,h,12064
Michel,Baudson,b,12064
Winston,Churchill,c,12064
Thomas,Kellein,k,12064
Siegfried,Bonk,b,12064
Artur,Żmijewski,ż,12064
Joanna,Warsza,w,12064
Paweł,Althamer,a,12064
Katarzyna,Kozyra,k,12064
Jakub,Banasiak,b,12064
Mathias,Goeritz,g,12064
Oskar,Hansen,h,12064
Jerzy,Jarnuszkiewicz,j,12064
Danuta,Dziedzic,d,12064
Zbigniew,Marakewicz,m,12064
Carson,McCullers,m,12064
Dario,Argento,a,12064
Charles,Simmons,s,12064
Ulrich,Panndorf,p,12064
,,f,12064
O.,Schlemmer,s,12064
Osgar ,Sclemer,d,12064
Klaus,Hähner-Springmühl,h,12064
Claus,Hehner Springmühl,h,12064
Georg,Büchner,b,12064
Klaus,Hähnerspringmül,h,12064
Wolfgang,Engel,e,12064
Fritz,Eisel,e,12064
Gerhard,Kettner,k,12064
Gerhard ,Kettner ,,
Paul,Klee,k,12064
Jutta,Damme,d,12064
Marie Luise,Bauerschmidt,b,12064
Oskar,Schlemmer,s,12064
Gerhard,Kettner,k,12064
Gerhard ,Kettner ,,
Gerhard,Kettner,k,12064
Gerhard ,Ketner,,
Hartmut,Bonk,b,12064
El (eig.: Lasar Markowitsch L.),Lissitzky,l,12064
Vladimir,Tatlin,t,12064
Naum,Gabo,g,12064
Antoine,Pevsner,p,12064
Alexander,Rodchenko,r,12064
Carlfriedrich,Claus,c,12064
Peter,Herrmann,h,12064
Eberhardt,Göschel,g,12064
Leonardo,Da Vinci,d,12064
Nobuyoshi,Araki,a,12064
Jan,Matejko,m,12064
Kazimir,Malevich,m,12064
Janusz,Bogucki,b,12064
Wilhelm,Sasnal,s,12064
Grzegorz,Kowalski,k,12064
wilem,boguczki,b,12064
Karol,,s,16530
Karol,Sienkiewicz,s,16530
Franz,Kline,k,12064
Robert,Rauschenberg,r,12064
Kazimierz,Dolny,d,12064
Aleksander,Rodschenko,r,12064
Aleksander,Rodszenko,,12064
